<archive
xmlns="http://rs.tdwg.org/dwc/text/" metadata="eml.xml">
<core encoding="utf-8" fieldsTerminatedBy="\t" linesTerminatedBy="\n" fieldsEnclosedBy="" ignoreHeaderLines="0" rowType="http://rs.tdwg.org/dwc/terms/Occurrence">
    <files>
        <location>occurrence.txt</location>
    </files>
    <id index="0" />
    <field index="0" term="http://rs.tdwg.org/dwc/terms/occurrenceID"/>
    <field index="1" term="http://rs.tdwg.org/dwc/terms/eventDate"/>
<field index="2" term="http://rs.tdwg.org/dwc/terms/decimalLatitude"/>
<field index="3" term="http://rs.tdwg.org/dwc/terms/decimalLongitude"/>
<field index="4" term="http://rs.tdwg.org/dwc/terms/kingdom"/>
<field index="5" term="http://rs.tdwg.org/dwc/terms/phylum"/>
<field index="6" term="http://rs.tdwg.org/dwc/terms/class"/>
<field index="7" term="http://rs.tdwg.org/dwc/terms/order"/>
<field index="8" term="http://rs.tdwg.org/dwc/terms/family"/>
<field index="9" term="http://rs.tdwg.org/dwc/terms/genus"/>
<field index="10" term="http://rs.tdwg.org/dwc/terms/scientificName"/>
<field index="11" term="http://rs.tdwg.org/dwc/terms/taxonID"/>
<field index="12" term="http://rs.tdwg.org/dwc/terms/sampleSizeValue"/>
<field index="13" term="http://rs.tdwg.org/dwc/terms/sampleSizeUnit"/>
<field index="14" term="http://rs.tdwg.org/dwc/terms/organismQuantity"/>
<field index="15" term="http://rs.tdwg.org/dwc/terms/organismQuantityType"/>
<field index="16" term="http://rs.tdwg.org/dwc/terms/basisOfRecord"/>
<field index="17" term="http://rs.tdwg.org/dwc/terms/eventID"/>
    
</core>

<extension encoding="UTF-8" fieldsTerminatedBy="\t" linesTerminatedBy="\n" fieldsEnclosedBy='' ignoreHeaderLines="0" rowType="http://rs.gbif.org/terms/1.0/DNADerivedData">
<files>
  <location>dna.txt</location>
</files>
<coreid index="0" />
    <field index="1" term="http://rs.gbif.org/terms/dna_sequence"/>
    <field default="Kelly" term="https://w3id.org/gensc/terms/MIXS:0000046"/>
<field default="12S" term="https://w3id.org/gensc/terms/MIXS:0000044"/>
</extension>

</archive>
