
    <eml:eml
        xmlns:eml="eml://ecoinformatics.org/eml-2.1.1"
        xmlns:xsi="http://www.w3.org/2001/XMLSchema-instance"
             xsi:schemaLocation="eml://ecoinformatics.org/eml-2.1.1 http://rs.gbif.org/schema/eml-gbif-profile/1.1/eml.xsd"
            packageId="2171f0ca-58e0-4bfd-9ec8-8ae407968cac"  system="http://gbif.org" scope="system"
      xml:lang="en">
        <dataset>
            
            <title>Eukaryotes detected in marine water (collected August 2023) from the North Atlantic by the MSC Poesia cruise ship; inferred from 18S DNA metabarcoding data.</title>
            
            <pubDate>
          2024-03-08
          </pubDate>
            <language>ENGLISH</language>
            <abstract>
            <para>The data presented here was collected under the 2023 phase of the &quot;Biodiversity Sampling from Cruise Liners using eDNA&quot; project that was initiated to contribute data to the eBioAtlas program. These data are from the MSC Cruises&#8217; vessel, the Poesia, and their collection is a groundbreaking project that aims to use the best available innovative technology to fill gaps in marine biodiversity data and to make these data available to conservation decision-makers. It is a collaborative effort between NatureMetrics, MSC Cruises, and the MSC Foundation.

The data is being made available by the MSC Foundation and MSC Cruises to be used by the eBioAtlas program. eBioAtlas is a collaboration between NatureMetrics and IUCN to use the power of eDNA to fill global biodiversity knowledge gaps and deliver impact in conservation. The goal is to establish a cohesive biodiversity data layer, facilitating informed decision-making for the betterment of both humanity and nature.&#160;</para>
            <para>[This dataset was processed using the GBIF eDNA converter tool.]</para>
        </abstract>
            
            <intellectualRights>
                <para>This work is licensed under a 
                    <ulink url="https://creativecommons.org/publicdomain/zero/1.0/">
                        <citetitle>https://creativecommons.org/publicdomain/zero/1.0/</citetitle>
                    </ulink>.
                </para>
            </intellectualRights>
            <maintenance>
                <maintenanceUpdateFrequency>unkown</maintenanceUpdateFrequency>
            </maintenance>
            <contact>
    <individualName><givenName>Daniel</givenName><surName>Swan</surName></individualName>
    <organizationName>NatureMetrics Ltd</organizationName>
    <positionName>Head of Bioinformatics &amp; Data</positionName>
    <address><deliveryPoint>1, Occam Court. Surrey Research Park</deliveryPoint><city>GU2 7HJ Guildford</city><country>GB</country></address>
    
    <electronicMailAddress>Daniel.Swan@naturemetrics.co.uk</electronicMailAddress>
    <userId directory="http://orcid.org/">0000-0001-8978-8129</userId>
    
    </contact>
           <methods>
            
            <sampling><samplingDescription>
    <para>The project involves the collection of samples from the Poesia cruise ship during two routes in the Baltic and north Atlantic in July and August 2023. To collect the seawater samples specially designed eDNA collection kits were used by engineers on the MSC Cruises&apos; vessel. Seawater was taken in from the engine-cooling water pipes and filtered to capture any DNA present. The filtered samples were then preserved and sent to NatureMetrics to be analysed using the latest techniques in metabarcoding for both vertebrates and eukaryote species.
</para>
</samplingDescription></sampling>
        </methods>
        </dataset>
        <additionalMetadata>
            <metadata>
                <gbif>
                    
                </gbif>
            </metadata>
        </additionalMetadata>
    </eml:eml>